promotion_id,promo_code,campaign_name,discount_percentage,start_date,end_date,status
PROMO00001,HVBIIZ61,Weekend Offer,20,2026-10-01,2028-03-09,Expired
PROMO00002,HVSAYN80,Weekend Offer,20,2025-08-18,2028-07-08,Expired
PROMO00003,HVRJRQ63,Corporate Deal,25,2026-08-15,2028-02-28,Upcoming
PROMO00004,HVPKET86,Festive Offer,10,2025-03-19,2027-08-22,Active
PROMO00005,HVSKYQ33,Festive Offer,40,2027-02-03,2028-06-14,Upcoming
PROMO00006,HVAYSH23,Summer Sale,20,2027-04-25,2028-05-02,Active
PROMO00007,HVDSQN24,Festive Offer,40,2027-03-26,2027-11-24,Expired
PROMO00008,HVQNKA13,Weekend Offer,5,2026-01-09,2027-07-28,Active
PROMO00009,HVPLDT98,Corporate Deal,15,2025-11-23,2028-02-12,Expired
PROMO00010,HVFCEB73,Summer Sale,5,2026-01-26,2028-01-30,Upcoming
PROMO00011,HVGLCR72,Corporate Deal,15,2025-07-11,2028-03-11,Expired
PROMO00012,HVCTTN82,Corporate Deal,25,2025-09-17,2028-05-08,Expired
PROMO00013,HVJBCL74,Festive Offer,40,2025-05-16,2028-06-05,Active
PROMO00014,HVRUAE66,Corporate Deal,30,2025-04-02,2028-05-19,Active
PROMO00015,HVWAAG42,Weekend Offer,40,2026-12-06,2027-08-09,Upcoming
PROMO00016,HVVJOR34,Summer Sale,5,2026-11-25,2027-12-17,Expired
PROMO00017,HVEAWF07,New Year Sale,25,2025-08-06,2028-06-10,Upcoming
PROMO00018,HVHHPP89,Festive Offer,25,2026-10-15,2027-11-24,Expired
PROMO00019,HVOBMH24,Festive Offer,25,2026-04-28,2027-10-27,Expired
PROMO00020,HVEXGL94,Summer Sale,40,2025-11-26,2027-10-07,Active
PROMO00021,HVMTTD65,Family Package,40,2027-05-01,2027-09-08,Expired
PROMO00022,HVHGFF95,Weekend Offer,20,2024-09-28,2027-12-04,Active
PROMO00023,HVANJP60,Corporate Deal,25,2026-10-18,2027-12-22,Expired
PROMO00024,HVGSAE81,Festive Offer,25,2024-11-25,2028-01-21,Upcoming
PROMO00025,HVDXYF19,Summer Sale,20,2026-07-22,2027-09-09,Expired
PROMO00026,HVHAZP14,New Year Sale,5,2026-11-13,2027-09-24,Upcoming
PROMO00027,HVWMHQ34,Weekend Offer,5,2025-06-10,2027-08-27,Active
PROMO00028,HVXGYL73,Corporate Deal,40,2026-09-10,2027-10-20,Upcoming
PROMO00029,HVXRRC12,Festive Offer,10,2024-10-06,2027-08-13,Upcoming
PROMO00030,HVRVNP43,New Year Sale,5,2024-09-24,2028-04-16,Active
PROMO00031,HVCRDW97,Festive Offer,40,2026-08-31,2027-10-25,Upcoming
PROMO00032,HVMSYZ36,Summer Sale,10,2025-02-14,2027-11-10,Active
PROMO00033,HVLXBF13,Weekend Offer,10,2027-02-01,2027-10-22,Upcoming
PROMO00034,HVDTLC35,Summer Sale,25,2027-03-25,2028-04-19,Upcoming
PROMO00035,HVSVAH87,Summer Sale,10,2027-03-15,2027-11-27,Upcoming
PROMO00036,HVRQEA41,Weekend Offer,20,2024-12-19,2028-01-19,Upcoming
PROMO00037,HVBGMV61,Festive Offer,40,2024-11-17,2028-03-25,Expired
PROMO00038,HVQGJZ57,Weekend Offer,5,2024-12-16,2028-04-02,Upcoming
PROMO00039,HVIIRG92,New Year Sale,10,2025-04-09,2027-08-04,Upcoming
PROMO00040,HVNFVF10,Family Package,30,2027-05-09,2027-10-22,Active
PROMO00041,HVPKCS52,Family Package,10,2026-09-19,2028-02-23,Upcoming
PROMO00042,HVFXNQ52,Family Package,40,2027-02-13,2027-08-28,Active
PROMO00043,HVIYDA95,Family Package,20,2025-06-18,2027-12-03,Active
PROMO00044,HVIJOG71,Summer Sale,15,2026-08-23,2027-07-28,Expired
PROMO00045,HVNBFS32,Festive Offer,20,2025-08-29,2028-07-09,Expired
PROMO00046,HVQAEB70,Corporate Deal,15,2026-04-17,2028-01-19,Active
PROMO00047,HVMPSB09,Family Package,15,2024-09-17,2027-08-15,Expired
PROMO00048,HVVCWL23,New Year Sale,10,2027-02-11,2027-11-11,Upcoming
PROMO00049,HVJHKJ94,Weekend Offer,40,2025-04-14,2028-07-21,Upcoming
PROMO00050,HVWPPX21,Weekend Offer,25,2026-10-07,2027-10-02,Active
PROMO00051,HVCCWR32,Corporate Deal,10,2025-07-27,2028-01-22,Upcoming
PROMO00052,HVBUPL22,Festive Offer,40,2026-04-05,2028-07-03,Active
PROMO00053,HVEPTX18,Summer Sale,10,2024-08-09,2027-08-27,Upcoming
PROMO00054,HVCURA80,Family Package,20,2025-01-21,2028-01-02,Active
PROMO00055,HVZMWS55,Weekend Offer,20,2026-11-26,2027-12-10,Active
PROMO00056,HVUNWU10,Corporate Deal,20,2024-09-15,2027-08-13,Expired
PROMO00057,HVFNGR47,New Year Sale,25,2025-07-17,2027-12-16,Expired
PROMO00058,HVWEAS35,Family Package,30,2025-07-11,2027-09-21,Upcoming
PROMO00059,HVJSJO60,Summer Sale,15,2027-07-12,2027-12-10,Active
PROMO00060,HVRARU73,Festive Offer,10,2026-09-18,2028-06-24,Active
PROMO00061,HVABNT21,Festive Offer,30,2027-03-05,2027-09-11,Upcoming
PROMO00062,HVTIDL79,Weekend Offer,25,2025-02-06,2027-11-21,Upcoming
PROMO00063,HVRUBH63,Corporate Deal,30,2027-07-20,2028-03-12,Active
PROMO00064,HVGISU65,Festive Offer,20,2024-11-01,2028-01-17,Upcoming
PROMO00065,HVCRGL42,New Year Sale,25,2026-01-15,2028-05-15,Expired
PROMO00066,HVGOKK54,Weekend Offer,25,2025-10-26,2027-12-23,Expired
PROMO00067,HVNBJA90,Family Package,25,2026-03-28,2028-02-20,Upcoming
PROMO00068,HVRWIE78,Festive Offer,25,2024-08-13,2028-01-12,Upcoming
PROMO00069,HVIEBH60,Family Package,30,2025-11-08,2028-02-13,Expired
PROMO00070,HVJNXM82,Family Package,20,2025-04-08,2028-05-31,Upcoming
PROMO00071,HVHOIR37,Corporate Deal,25,2027-01-26,2028-05-26,Active
PROMO00072,HVCEYJ24,Family Package,25,2025-08-08,2028-07-08,Active
PROMO00073,HVJQLX26,Family Package,30,2027-05-10,2028-03-06,Expired
PROMO00074,HVRJKY45,Festive Offer,15,2025-03-11,2028-02-01,Active
PROMO00075,HVVDRF01,Festive Offer,15,2027-07-23,2028-04-15,Active
PROMO00076,HVPKOC56,New Year Sale,10,2027-05-02,2028-04-11,Active
PROMO00077,HVKVBN85,Summer Sale,20,2026-07-09,2028-06-30,Expired
PROMO00078,HVXTBT18,Family Package,5,2026-09-30,2027-11-16,Expired
PROMO00079,HVXRNB89,Corporate Deal,40,2026-06-01,2027-12-14,Upcoming
PROMO00080,HVHQMP98,Festive Offer,20,2025-04-25,2027-07-29,Expired
PROMO00081,HVWAEN10,Festive Offer,40,2025-07-04,2027-10-15,Upcoming
PROMO00082,HVVFIG90,Festive Offer,30,2025-02-08,2027-12-10,Active
PROMO00083,HVIQGI14,New Year Sale,20,2026-04-24,2027-10-09,Expired
PROMO00084,HVVRIB74,New Year Sale,25,2025-04-11,2028-05-01,Upcoming
PROMO00085,HVZEIQ56,Summer Sale,30,2024-12-20,2027-08-29,Expired
PROMO00086,HVYUFX73,Weekend Offer,10,2026-05-12,2028-01-18,Upcoming
PROMO00087,HVNTCA54,Summer Sale,25,2025-03-27,2027-09-23,Upcoming
PROMO00088,HVZRBY15,Family Package,25,2025-05-25,2028-07-05,Active
PROMO00089,HVTEDS39,Festive Offer,15,2025-04-14,2028-03-22,Active
PROMO00090,HVNJXV39,Family Package,15,2026-11-11,2028-02-16,Active
PROMO00091,HVCPHE97,Weekend Offer,15,2024-10-06,2028-02-15,Expired
PROMO00092,HVZHCM61,Festive Offer,15,2026-11-17,2027-11-11,Expired
PROMO00093,HVNSJY48,Corporate Deal,40,2025-03-09,2027-12-26,Active
PROMO00094,HVCJTJ34,Weekend Offer,40,2027-04-20,2027-10-19,Expired
PROMO00095,HVDHXI97,Summer Sale,5,2026-08-07,2028-03-06,Upcoming
PROMO00096,HVPRGW95,Family Package,30,2025-10-28,2028-07-12,Active
PROMO00097,HVZVOY08,Family Package,40,2024-12-23,2027-12-23,Active
PROMO00098,HVVUCT01,Family Package,20,2024-08-04,2028-06-08,Expired
PROMO00099,HVECJQ51,New Year Sale,30,2024-11-15,2028-01-06,Expired
PROMO00100,HVUTCN23,Weekend Offer,30,2027-04-24,2028-06-20,Expired
PROMO00101,HVSFRU52,New Year Sale,10,2026-01-31,2027-10-27,Expired
PROMO00102,HVXCRZ58,Corporate Deal,10,2026-08-11,2027-11-23,Expired
PROMO00103,HVHSBW23,Corporate Deal,20,2026-10-07,2027-09-27,Upcoming
PROMO00104,HVHCFR52,Family Package,30,2024-12-07,2027-08-20,Expired
PROMO00105,HVNWEU16,Weekend Offer,20,2025-08-20,2028-03-07,Expired
PROMO00106,HVENYE06,New Year Sale,20,2027-01-31,2027-11-29,Upcoming
PROMO00107,HVQUQQ91,Corporate Deal,5,2026-03-30,2027-12-17,Active
PROMO00108,HVTHKL65,Weekend Offer,25,2024-07-27,2027-12-25,Upcoming
PROMO00109,HVRCDY41,Corporate Deal,15,2026-01-08,2027-10-13,Expired
PROMO00110,HVSTAS10,Corporate Deal,15,2027-07-20,2027-10-03,Active
PROMO00111,HVQKEG19,Corporate Deal,20,2025-07-02,2027-10-18,Expired
PROMO00112,HVNVEH59,Weekend Offer,40,2027-07-01,2027-09-06,Active
PROMO00113,HVRNHI05,Family Package,5,2026-06-18,2028-05-24,Expired
PROMO00114,HVJWVI00,Corporate Deal,15,2025-08-12,2028-05-15,Active
PROMO00115,HVTOQP83,Family Package,20,2026-02-26,2027-07-29,Upcoming
PROMO00116,HVFEOF36,Festive Offer,5,2026-11-08,2027-08-21,Upcoming
PROMO00117,HVMLFI28,Corporate Deal,40,2026-05-28,2027-09-18,Active
PROMO00118,HVMITB47,Weekend Offer,15,2026-11-29,2028-03-05,Active
PROMO00119,HVQCMS68,Festive Offer,20,2027-07-09,2028-03-14,Upcoming
PROMO00120,HVMOLI07,Festive Offer,15,2026-07-02,2028-06-19,Expired
PROMO00121,HVZLOJ76,Family Package,15,2025-08-21,2027-08-04,Upcoming
PROMO00122,HVGTFN31,Summer Sale,25,2024-09-05,2028-07-23,Upcoming
PROMO00123,HVHPIQ97,Family Package,10,2026-11-18,2028-05-29,Upcoming
PROMO00124,HVZROO77,Summer Sale,15,2026-12-01,2027-08-15,Active
PROMO00125,HVQVTX14,Family Package,10,2026-12-06,2027-12-18,Expired
PROMO00126,HVOPSV76,Corporate Deal,40,2026-07-21,2028-05-27,Upcoming
PROMO00127,HVRLTG24,Family Package,20,2026-01-21,2028-02-06,Upcoming
PROMO00128,HVPBJN52,Weekend Offer,25,2026-10-09,2028-07-12,Upcoming
PROMO00129,HVANTQ55,New Year Sale,20,2025-02-26,2027-12-30,Upcoming
PROMO00130,HVITHL27,Corporate Deal,20,2024-08-19,2027-08-08,Expired
PROMO00131,HVSNTM55,Weekend Offer,15,2025-08-30,2028-03-02,Active
PROMO00132,HVZBJQ97,Summer Sale,25,2025-05-04,2028-01-28,Upcoming
PROMO00133,HVSIEU77,Family Package,40,2026-01-19,2027-10-24,Upcoming
PROMO00134,HVWANT95,New Year Sale,25,2027-05-07,2028-07-07,Upcoming
PROMO00135,HVQCJT11,New Year Sale,15,2025-09-07,2027-09-02,Active
PROMO00136,HVNSCX91,Weekend Offer,40,2027-06-07,2027-10-13,Upcoming
PROMO00137,HVQCJC33,Weekend Offer,25,2024-10-05,2028-02-06,Expired
PROMO00138,HVQBBM09,Weekend Offer,15,2026-03-23,2027-08-26,Active
PROMO00139,HVQHZH56,Family Package,10,2027-06-11,2028-01-29,Upcoming
PROMO00140,HVCXSO31,Corporate Deal,15,2025-12-04,2027-08-15,Upcoming
PROMO00141,HVLMAY12,Weekend Offer,10,2025-10-12,2027-12-25,Upcoming
PROMO00142,HVROZX50,Summer Sale,40,2024-09-09,2028-06-10,Upcoming
PROMO00143,HVEWOP10,New Year Sale,10,2026-08-19,2027-10-17,Upcoming
PROMO00144,HVABJZ49,Weekend Offer,30,2024-11-26,2028-06-03,Expired
PROMO00145,HVQSCZ58,New Year Sale,5,2026-12-03,2028-06-25,Upcoming
PROMO00146,HVFKAQ98,Corporate Deal,10,2027-03-14,2027-08-20,Active
PROMO00147,HVHPTG65,Weekend Offer,40,2025-03-19,2028-05-15,Upcoming
PROMO00148,HVPDTM27,New Year Sale,25,2026-12-03,2027-10-07,Expired
PROMO00149,HVJHCZ50,New Year Sale,30,2026-10-16,2027-09-01,Upcoming
PROMO00150,HVVGNF64,Family Package,30,2026-03-04,2028-06-23,Active
PROMO00151,HVVULU23,Summer Sale,25,2027-06-28,2027-09-01,Upcoming
PROMO00152,HVJEOZ03,Summer Sale,30,2027-04-08,2028-06-24,Active
PROMO00153,HVFGZA32,Corporate Deal,15,2026-01-22,2027-08-23,Active
PROMO00154,HVULWU34,Weekend Offer,10,2024-12-06,2028-02-24,Upcoming
PROMO00155,HVQFJP18,New Year Sale,15,2027-06-29,2028-01-06,Active
PROMO00156,HVTSOZ68,Family Package,30,2025-04-02,2028-06-30,Expired
PROMO00157,HVUGUP62,Weekend Offer,40,2024-07-27,2027-08-08,Expired
PROMO00158,HVTHGG54,Family Package,25,2025-10-25,2027-08-11,Expired
PROMO00159,HVIAIG50,Corporate Deal,25,2026-05-25,2028-04-14,Upcoming
PROMO00160,HVAMDP87,Corporate Deal,10,2026-05-18,2027-08-18,Upcoming
PROMO00161,HVUAKI71,Summer Sale,10,2025-07-03,2027-10-14,Expired
PROMO00162,HVSYFQ85,New Year Sale,20,2024-12-19,2027-10-28,Upcoming
PROMO00163,HVWWLA29,Weekend Offer,30,2026-01-31,2028-04-17,Active
PROMO00164,HVLVSO07,Weekend Offer,10,2025-06-24,2028-02-27,Upcoming
PROMO00165,HVTBCW09,Corporate Deal,20,2027-04-28,2028-03-26,Expired
PROMO00166,HVMBCI05,Festive Offer,30,2025-03-27,2027-09-05,Expired
PROMO00167,HVSLRQ65,Weekend Offer,15,2025-09-11,2028-06-10,Active
PROMO00168,HVFJUC88,Festive Offer,40,2025-05-18,2027-12-17,Upcoming
PROMO00169,HVCVUR71,Corporate Deal,5,2027-04-25,2028-04-30,Expired
PROMO00170,HVXCJH78,New Year Sale,25,2024-08-30,2028-07-15,Active
PROMO00171,HVXMRG86,Festive Offer,40,2024-12-06,2027-11-05,Upcoming
PROMO00172,HVIUBW91,Summer Sale,25,2027-07-19,2027-11-25,Expired
PROMO00173,HVRFNU53,Festive Offer,40,2025-12-19,2028-03-29,Active
PROMO00174,HVPDKT93,New Year Sale,40,2024-11-24,2027-10-02,Upcoming
PROMO00175,HVWLEQ25,Weekend Offer,15,2026-03-04,2028-03-05,Expired
PROMO00176,HVFGXS98,Weekend Offer,20,2026-11-02,2028-04-22,Expired
PROMO00177,HVKUEK23,Corporate Deal,40,2027-07-16,2028-02-06,Expired
PROMO00178,HVKJBQ72,Summer Sale,15,2025-03-11,2027-08-27,Upcoming
PROMO00179,HVURCK30,New Year Sale,30,2025-03-25,2028-05-07,Expired
PROMO00180,HVQHMV72,Corporate Deal,20,2027-04-30,2028-04-14,Active
PROMO00181,HVFOZU91,New Year Sale,10,2027-01-06,2028-01-09,Active
PROMO00182,HVBPSW98,New Year Sale,15,2026-10-03,2028-05-10,Active
PROMO00183,HVDJII64,Summer Sale,5,2024-12-21,2028-01-02,Expired
PROMO00184,HVXMLA86,Summer Sale,10,2025-08-21,2028-04-24,Expired
PROMO00185,HVDEZH34,Family Package,25,2026-03-09,2028-01-17,Expired
PROMO00186,HVKROQ87,Festive Offer,10,2026-02-25,2028-01-18,Expired
PROMO00187,HVNXWR38,Weekend Offer,10,2025-09-16,2028-06-16,Expired
PROMO00188,HVAFDH49,New Year Sale,40,2027-04-01,2028-05-31,Upcoming
PROMO00189,HVOCJN88,Corporate Deal,10,2026-05-28,2027-08-04,Expired
PROMO00190,HVCDQT14,New Year Sale,40,2026-08-12,2028-05-08,Active
PROMO00191,HVDVRX19,Festive Offer,30,2025-02-06,2028-01-07,Upcoming
PROMO00192,HVJJHV37,Corporate Deal,20,2026-02-22,2028-07-08,Active
PROMO00193,HVWZWM63,Summer Sale,20,2025-12-10,2028-01-27,Active
PROMO00194,HVFLTK80,Weekend Offer,30,2027-04-26,2028-06-15,Active
PROMO00195,HVKCMJ72,Weekend Offer,30,2026-07-01,2028-04-25,Active
PROMO00196,HVULPR23,Festive Offer,20,2026-06-04,2027-11-26,Upcoming
PROMO00197,HVXKXA29,Family Package,25,2026-08-29,2027-08-19,Active
PROMO00198,HVCPNF56,Family Package,20,2026-10-13,2027-10-17,Expired
PROMO00199,HVDCGC54,Family Package,30,2025-04-12,2028-04-23,Expired
PROMO00200,HVJBGI87,Festive Offer,30,2027-07-26,2027-09-23,Upcoming
PROMO00201,HVMXQH11,Corporate Deal,25,2025-10-23,2027-09-22,Expired
PROMO00202,HVTEVI59,Corporate Deal,20,2026-11-16,2027-08-25,Expired
PROMO00203,HVZCZX21,Weekend Offer,15,2024-11-07,2027-08-29,Active
PROMO00204,HVYHGP04,Festive Offer,15,2027-06-16,2027-11-28,Active
PROMO00205,HVOKGM86,Summer Sale,15,2027-02-01,2028-07-15,Expired
PROMO00206,HVCMAT09,Family Package,30,2026-02-07,2027-12-10,Expired
PROMO00207,HVTQXF03,Family Package,10,2025-11-19,2028-02-15,Active
PROMO00208,HVSQMZ57,Family Package,10,2024-12-19,2028-05-13,Upcoming
PROMO00209,HVAZQP06,Corporate Deal,20,2025-06-26,2028-06-02,Active
PROMO00210,HVFKZI44,New Year Sale,5,2025-10-05,2028-07-08,Active
PROMO00211,HVCPRH32,Family Package,40,2025-10-08,2027-08-07,Expired
PROMO00212,HVQYUV90,Weekend Offer,30,2026-05-02,2028-06-03,Expired
PROMO00213,HVJXSA37,Family Package,5,2026-02-22,2027-11-22,Expired
PROMO00214,HVXTHX20,Corporate Deal,5,2025-11-09,2028-07-14,Expired
PROMO00215,HVKSRB17,Corporate Deal,20,2026-09-04,2028-06-11,Upcoming
PROMO00216,HVIHZL80,Weekend Offer,15,2024-08-30,2028-04-10,Upcoming
PROMO00217,HVSXWO07,New Year Sale,5,2026-12-07,2028-05-24,Upcoming
PROMO00218,HVSWOD77,New Year Sale,5,2026-01-02,2027-11-20,Expired
PROMO00219,HVCAAJ70,Summer Sale,40,2024-12-04,2028-01-08,Active
PROMO00220,HVJEUQ98,Corporate Deal,20,2026-10-30,2027-11-24,Expired
PROMO00221,HVDZAX66,New Year Sale,15,2026-12-18,2028-07-10,Expired
PROMO00222,HVKWQW67,Festive Offer,40,2027-04-07,2027-09-16,Active
PROMO00223,HVFLHM43,Summer Sale,25,2026-04-20,2027-12-23,Expired
PROMO00224,HVKWUU30,New Year Sale,40,2024-07-29,2027-09-30,Active
PROMO00225,HVBIBD00,Corporate Deal,5,2024-08-26,2027-08-10,Active
PROMO00226,HVKUUP65,Weekend Offer,10,2026-03-28,2028-04-11,Expired
PROMO00227,HVDPDP20,Festive Offer,30,2025-09-15,2028-04-24,Expired
PROMO00228,HVTBTZ74,Summer Sale,40,2026-04-18,2028-01-31,Upcoming
PROMO00229,HVCTTK93,Weekend Offer,40,2026-03-27,2027-10-11,Active
PROMO00230,HVZUSX68,Summer Sale,30,2026-02-02,2027-12-20,Active
PROMO00231,HVKTND43,New Year Sale,15,2025-07-01,2028-07-06,Active
PROMO00232,HVOWIX03,Festive Offer,40,2026-07-04,2028-01-26,Expired
PROMO00233,HVAHWT76,New Year Sale,30,2024-12-19,2028-01-03,Upcoming
PROMO00234,HVOXSW62,Family Package,40,2025-11-10,2027-12-17,Expired
PROMO00235,HVPBFP78,Weekend Offer,25,2026-08-26,2027-10-09,Expired
PROMO00236,HVNEXS88,Summer Sale,30,2025-02-03,2028-01-19,Upcoming
PROMO00237,HVMOBO68,Festive Offer,20,2025-04-10,2028-07-21,Upcoming
PROMO00238,HVNKMT99,Corporate Deal,25,2026-06-15,2028-06-14,Upcoming
PROMO00239,HVCDMR53,Summer Sale,10,2027-06-29,2028-04-12,Upcoming
PROMO00240,HVVLMK40,Family Package,30,2025-01-08,2028-07-21,Expired
PROMO00241,HVOXVX78,Summer Sale,5,2026-06-13,2027-09-22,Upcoming
PROMO00242,HVLSOU25,Corporate Deal,40,2027-07-24,2028-07-14,Active
PROMO00243,HVSAAJ65,Family Package,20,2025-11-18,2028-02-29,Upcoming
PROMO00244,HVAYWE71,Corporate Deal,10,2026-09-30,2027-10-23,Upcoming
PROMO00245,HVFENJ78,Weekend Offer,10,2026-06-14,2027-09-03,Active
PROMO00246,HVTQLO19,Summer Sale,10,2026-04-18,2027-11-08,Active
PROMO00247,HVKRJK49,Corporate Deal,40,2027-06-26,2028-07-09,Upcoming
PROMO00248,HVKJQQ02,Festive Offer,5,2024-12-30,2028-02-29,Active
PROMO00249,HVVWYX49,Corporate Deal,20,2027-03-08,2028-05-06,Expired
PROMO00250,HVMLAQ68,New Year Sale,10,2024-10-12,2028-01-05,Expired
PROMO00251,HVJWUO85,New Year Sale,40,2025-05-15,2028-07-11,Upcoming
PROMO00252,HVFYXJ78,Family Package,40,2025-02-01,2028-03-11,Upcoming
PROMO00253,HVHUSO44,Family Package,40,2026-12-02,2027-12-31,Upcoming
PROMO00254,HVGNAW38,Weekend Offer,40,2027-03-24,2028-05-24,Active
PROMO00255,HVQSPJ49,Summer Sale,30,2027-04-16,2027-10-08,Active
PROMO00256,HVNEIX74,New Year Sale,15,2025-04-05,2028-02-09,Expired
PROMO00257,HVZUZK53,Summer Sale,15,2024-08-07,2028-05-25,Active
PROMO00258,HVCUKZ74,New Year Sale,30,2026-03-29,2027-09-20,Active
PROMO00259,HVAYQU54,Summer Sale,15,2027-03-16,2028-03-30,Expired
PROMO00260,HVBWXJ11,Weekend Offer,20,2025-03-15,2027-08-30,Expired
PROMO00261,HVELAR47,Corporate Deal,25,2026-12-01,2027-09-09,Expired
PROMO00262,HVCIFJ57,New Year Sale,15,2027-02-15,2027-09-12,Upcoming
PROMO00263,HVDZWR80,Summer Sale,40,2025-04-30,2028-01-24,Active
PROMO00264,HVIIOL90,Festive Offer,5,2025-08-30,2028-07-11,Upcoming
PROMO00265,HVTSJJ44,New Year Sale,5,2026-05-28,2028-07-19,Active
PROMO00266,HVUQWY59,Festive Offer,40,2025-04-12,2028-03-13,Upcoming
PROMO00267,HVIJNB54,Summer Sale,30,2027-06-04,2028-07-12,Upcoming
PROMO00268,HVOPGD89,New Year Sale,20,2027-03-08,2027-09-29,Expired
PROMO00269,HVQVJR22,New Year Sale,40,2026-12-19,2028-07-17,Expired
PROMO00270,HVFXNT88,Family Package,40,2025-08-15,2027-11-26,Expired
PROMO00271,HVFYHR43,Weekend Offer,25,2025-07-13,2028-07-10,Expired
PROMO00272,HVRXRJ78,New Year Sale,5,2025-08-04,2028-05-26,Active
PROMO00273,HVKWBO31,Family Package,20,2024-12-17,2027-10-24,Active
PROMO00274,HVYZTO58,Corporate Deal,15,2025-01-09,2028-06-08,Active
PROMO00275,HVMHSG98,Corporate Deal,15,2025-09-18,2028-01-10,Upcoming
PROMO00276,HVZBFP05,Family Package,25,2026-01-05,2027-12-28,Expired
PROMO00277,HVDDPS12,Corporate Deal,30,2026-01-17,2028-02-15,Active
PROMO00278,HVKZFX27,New Year Sale,10,2026-07-24,2028-06-07,Active
PROMO00279,HVYEQE50,Festive Offer,30,2024-11-14,2028-05-27,Expired
PROMO00280,HVNHIF25,Summer Sale,40,2025-01-27,2027-11-08,Expired
PROMO00281,HVUPGQ04,Corporate Deal,10,2025-09-19,2027-12-23,Upcoming
PROMO00282,HVSENL01,Weekend Offer,10,2024-12-03,2028-05-13,Active
PROMO00283,HVCAWU90,New Year Sale,20,2026-05-07,2028-05-08,Upcoming
PROMO00284,HVNQYO07,Summer Sale,30,2024-08-16,2027-12-12,Expired
PROMO00285,HVGQUS65,Festive Offer,40,2027-04-07,2027-08-11,Active
PROMO00286,HVFKME31,Weekend Offer,15,2025-04-09,2027-10-01,Active
PROMO00287,HVJOWN51,Family Package,20,2027-01-06,2028-05-03,Upcoming
PROMO00288,HVMBSB55,Weekend Offer,10,2027-06-23,2028-06-26,Expired
PROMO00289,HVYOIO68,Family Package,5,2025-02-06,2028-03-15,Expired
PROMO00290,HVSOVY08,Family Package,15,2027-02-25,2028-01-20,Active
PROMO00291,HVUBYM11,Summer Sale,10,2027-05-16,2027-10-11,Active
PROMO00292,HVCBHJ94,Corporate Deal,20,2027-05-04,2028-03-05,Upcoming
PROMO00293,HVSDPR46,Family Package,25,2025-12-05,2027-10-29,Upcoming
PROMO00294,HVVPLP79,Family Package,15,2026-10-19,2027-11-24,Expired
PROMO00295,HVMYSD01,Weekend Offer,20,2024-08-23,2027-11-14,Upcoming
PROMO00296,HVRIQJ60,Festive Offer,30,2025-03-26,2028-07-07,Expired
PROMO00297,HVFSAT83,Family Package,30,2027-05-08,2027-11-15,Expired
PROMO00298,HVOIFB72,Summer Sale,15,2025-03-14,2028-01-30,Active
PROMO00299,HVZRRB82,Summer Sale,25,2025-11-03,2027-10-25,Expired
PROMO00300,HVGKZC50,Summer Sale,10,2027-05-08,2027-09-21,Expired
PROMO00301,HVCKZH84,New Year Sale,20,2024-08-06,2028-06-25,Active
PROMO00302,HVAFON89,Family Package,40,2027-07-14,2027-09-27,Expired
PROMO00303,HVMLOG81,Summer Sale,20,2025-08-10,2027-09-24,Upcoming
PROMO00304,HVEIUE38,New Year Sale,15,2025-10-13,2028-06-20,Expired
PROMO00305,HVETCB67,Summer Sale,10,2026-03-09,2027-08-02,Upcoming
PROMO00306,HVOXHT90,Family Package,25,2026-07-28,2028-04-18,Active
PROMO00307,HVDYAZ47,Festive Offer,30,2025-06-22,2027-10-25,Active
PROMO00308,HVFUUI18,Corporate Deal,25,2027-06-06,2028-03-28,Active
PROMO00309,HVXFQU82,Weekend Offer,40,2027-01-09,2027-10-07,Expired
PROMO00310,HVDQSE92,Summer Sale,15,2027-07-11,2028-01-29,Upcoming
PROMO00311,HVUSZU21,Corporate Deal,15,2027-04-04,2028-05-10,Active
PROMO00312,HVQFLW05,Festive Offer,20,2025-01-02,2027-11-12,Expired
PROMO00313,HVDEME19,Corporate Deal,5,2027-05-29,2028-04-09,Upcoming
PROMO00314,HVDQBP64,Corporate Deal,10,2026-05-08,2027-08-13,Active
PROMO00315,HVDSAZ64,Weekend Offer,10,2026-05-31,2028-06-21,Expired
PROMO00316,HVTHOL05,Corporate Deal,20,2026-04-07,2027-10-14,Expired
PROMO00317,HVUYPW06,Festive Offer,20,2026-03-28,2028-05-07,Upcoming
PROMO00318,HVBBXI63,New Year Sale,40,2024-11-11,2027-12-31,Active
PROMO00319,HVKGWC11,New Year Sale,5,2025-11-15,2027-10-07,Expired
PROMO00320,HVWOOH93,Weekend Offer,40,2027-07-26,2027-09-08,Expired
PROMO00321,HVSQJK38,New Year Sale,10,2026-12-31,2028-01-10,Upcoming
PROMO00322,HVNGTQ10,New Year Sale,10,2026-09-17,2027-10-13,Active
PROMO00323,HVNQQZ23,Family Package,25,2026-09-09,2028-03-01,Upcoming
PROMO00324,HVVNVY58,Family Package,30,2025-04-17,2028-03-29,Active
PROMO00325,HVGDLE97,Corporate Deal,25,2027-03-14,2028-07-17,Active
PROMO00326,HVNQGH80,Festive Offer,15,2026-07-27,2028-05-25,Active
PROMO00327,HVNJAM83,Summer Sale,25,2026-07-29,2028-03-19,Upcoming
PROMO00328,HVAOYS49,Family Package,10,2027-07-03,2028-02-10,Expired
PROMO00329,HVBPXD81,Festive Offer,25,2026-07-28,2027-08-14,Upcoming
PROMO00330,HVWSTL71,Corporate Deal,40,2025-09-16,2027-11-01,Expired
PROMO00331,HVRQHU33,Weekend Offer,15,2027-07-14,2028-06-25,Upcoming
PROMO00332,HVPZTZ62,Summer Sale,30,2025-04-02,2028-05-19,Upcoming
PROMO00333,HVBUNR36,Festive Offer,5,2024-09-10,2028-03-07,Active
PROMO00334,HVJMTT90,Family Package,40,2025-04-17,2027-07-31,Active
PROMO00335,HVIXOW33,Festive Offer,40,2025-04-12,2027-12-30,Active
PROMO00336,HVFBHC99,Weekend Offer,15,2025-12-06,2027-08-29,Expired
PROMO00337,HVALKG96,Summer Sale,30,2026-12-29,2028-07-18,Upcoming
PROMO00338,HVZTJM08,Weekend Offer,25,2025-12-27,2027-08-14,Active
PROMO00339,HVJTRV88,Summer Sale,5,2026-02-17,2027-08-17,Upcoming
PROMO00340,HVHZJF42,New Year Sale,30,2027-07-21,2027-11-08,Upcoming
PROMO00341,HVDQML29,Summer Sale,25,2027-02-08,2027-09-22,Expired
PROMO00342,HVPAET03,Weekend Offer,15,2025-10-31,2028-01-10,Expired
PROMO00343,HVSVEJ07,Summer Sale,25,2026-01-16,2027-09-30,Upcoming
PROMO00344,HVLAYY28,Festive Offer,10,2026-01-13,2027-10-02,Active
PROMO00345,HVXLWH91,Family Package,40,2026-11-23,2028-02-23,Active
PROMO00346,HVEMQS88,Corporate Deal,10,2026-06-16,2028-03-24,Expired
PROMO00347,HVYIBE71,Festive Offer,10,2026-06-03,2027-08-30,Upcoming
PROMO00348,HVTBQU03,Festive Offer,40,2025-12-03,2027-11-30,Active
PROMO00349,HVGTMO92,Corporate Deal,15,2025-09-18,2027-11-18,Active
PROMO00350,HVIZOV23,Festive Offer,40,2027-01-31,2028-05-14,Expired
PROMO00351,HVJEYL73,Family Package,25,2026-12-28,2028-05-27,Active
PROMO00352,HVCQXY66,Weekend Offer,30,2026-12-08,2028-03-13,Active
PROMO00353,HVICPA44,Summer Sale,5,2025-11-14,2028-01-27,Active
PROMO00354,HVQKTK22,New Year Sale,5,2025-12-11,2027-10-01,Expired
PROMO00355,HVGVNY32,Corporate Deal,15,2024-11-16,2027-12-19,Upcoming
PROMO00356,HVPRNZ45,New Year Sale,25,2025-07-14,2027-12-04,Active
PROMO00357,HVHBEG78,Festive Offer,40,2025-07-01,2028-07-21,Upcoming
PROMO00358,HVFDKL64,Weekend Offer,40,2025-06-16,2028-05-06,Upcoming
PROMO00359,HVXJOV21,Weekend Offer,5,2027-04-27,2028-03-23,Expired
PROMO00360,HVNFZG17,Family Package,30,2025-02-24,2028-03-28,Upcoming
PROMO00361,HVDXJS36,Corporate Deal,15,2026-12-20,2028-05-11,Upcoming
PROMO00362,HVXAIT82,Corporate Deal,30,2026-09-19,2027-10-04,Active
PROMO00363,HVZSQF00,Festive Offer,20,2027-07-09,2028-06-25,Upcoming
PROMO00364,HVGXOP09,Family Package,30,2026-12-10,2028-01-10,Expired
PROMO00365,HVJNNZ58,Festive Offer,40,2026-03-03,2027-10-31,Upcoming
PROMO00366,HVXCMV23,Weekend Offer,10,2025-07-27,2028-07-08,Upcoming
PROMO00367,HVKNVC35,Corporate Deal,25,2025-08-21,2028-01-29,Expired
PROMO00368,HVBPDW55,Festive Offer,5,2025-05-14,2028-07-09,Active
PROMO00369,HVPOZH75,Festive Offer,25,2025-06-04,2028-01-06,Upcoming
PROMO00370,HVFFKE84,Festive Offer,10,2027-01-13,2027-11-10,Upcoming
PROMO00371,HVGFTE51,Summer Sale,40,2025-08-16,2028-05-04,Active
PROMO00372,HVAYDU43,Corporate Deal,5,2027-07-21,2028-03-19,Upcoming
PROMO00373,HVXIKW60,Festive Offer,30,2027-02-26,2027-12-06,Expired
PROMO00374,HVQRRW85,New Year Sale,10,2026-06-30,2028-03-10,Active
PROMO00375,HVQDKN67,Family Package,10,2026-10-20,2028-05-29,Expired
PROMO00376,HVRUTN86,Festive Offer,20,2027-04-29,2028-04-07,Active
PROMO00377,HVGZEP62,Summer Sale,20,2025-06-10,2027-11-15,Active
PROMO00378,HVSVQF94,New Year Sale,30,2027-04-29,2027-11-02,Active
PROMO00379,HVRADC20,Weekend Offer,25,2025-03-05,2028-05-03,Active
PROMO00380,HVQZEF96,New Year Sale,5,2025-03-11,2027-10-03,Expired
PROMO00381,HVBBOD29,New Year Sale,30,2025-08-09,2028-05-26,Upcoming
PROMO00382,HVWQQK98,Festive Offer,25,2025-12-24,2027-10-06,Expired
PROMO00383,HVNWIU42,Summer Sale,25,2027-05-12,2027-09-11,Upcoming
PROMO00384,HVTBLA98,New Year Sale,40,2026-08-01,2028-01-31,Expired
PROMO00385,HVTPSZ51,Summer Sale,10,2025-01-30,2027-12-26,Upcoming
PROMO00386,HVQBDD97,Summer Sale,25,2027-05-17,2028-01-13,Upcoming
PROMO00387,HVAJAU86,Weekend Offer,40,2024-10-12,2027-10-19,Upcoming
PROMO00388,HVUUCF92,New Year Sale,5,2024-12-20,2028-06-11,Active
PROMO00389,HVHLBS50,Festive Offer,15,2026-10-25,2028-07-08,Upcoming
PROMO00390,HVLUIK33,Family Package,10,2025-04-01,2027-09-14,Upcoming
PROMO00391,HVPNTD79,Corporate Deal,5,2025-10-02,2028-06-22,Active
PROMO00392,HVVIZR99,Summer Sale,15,2024-11-21,2028-01-17,Expired
PROMO00393,HVBZAG03,Festive Offer,20,2027-06-17,2028-04-19,Active
PROMO00394,HVEIEO92,Family Package,40,2026-04-10,2028-06-29,Active
PROMO00395,HVSQUD75,Weekend Offer,40,2027-06-02,2028-05-03,Upcoming
PROMO00396,HVGHFL91,New Year Sale,40,2024-09-16,2028-02-18,Upcoming
PROMO00397,HVGSDF88,Family Package,40,2025-11-14,2027-08-29,Expired
PROMO00398,HVFPXG37,Corporate Deal,25,2027-05-08,2027-11-04,Active
PROMO00399,HVHLHO22,Family Package,30,2027-01-13,2028-03-02,Upcoming
PROMO00400,HVWRTE64,Festive Offer,20,2025-11-12,2027-12-27,Active
PROMO00401,HVTRTP67,New Year Sale,30,2026-12-30,2028-06-26,Expired
PROMO00402,HVGRKP29,Summer Sale,25,2026-01-17,2028-01-08,Upcoming
PROMO00403,HVMPRJ79,Summer Sale,30,2027-01-05,2028-03-15,Expired
PROMO00404,HVUUQU69,Corporate Deal,30,2026-11-28,2027-11-28,Expired
PROMO00405,HVONOK02,Corporate Deal,20,2025-07-26,2027-12-08,Expired
PROMO00406,HVGKXR76,Weekend Offer,10,2024-08-15,2028-03-07,Active
PROMO00407,HVEHNZ63,New Year Sale,15,2026-12-15,2028-02-26,Active
PROMO00408,HVWBHN66,Family Package,25,2025-02-20,2028-06-18,Expired
PROMO00409,HVKPKF98,Summer Sale,25,2027-02-14,2027-11-26,Upcoming
PROMO00410,HVYVHO63,Festive Offer,10,2025-05-31,2027-12-02,Active
PROMO00411,HVBXIF56,New Year Sale,10,2026-05-02,2028-04-16,Expired
PROMO00412,HVUDTZ05,Summer Sale,10,2025-06-11,2028-01-15,Expired
PROMO00413,HVJBHZ38,Summer Sale,30,2027-01-03,2027-12-03,Upcoming
PROMO00414,HVSWWJ07,Festive Offer,5,2024-11-30,2028-01-28,Upcoming
PROMO00415,HVIPCJ51,Summer Sale,5,2026-02-22,2027-11-24,Upcoming
PROMO00416,HVJBPX70,New Year Sale,10,2024-12-15,2028-05-04,Expired
PROMO00417,HVVFCT00,Summer Sale,10,2026-10-22,2028-07-16,Active
PROMO00418,HVONIH17,Summer Sale,15,2025-08-28,2027-07-28,Active
PROMO00419,HVSMCN81,Corporate Deal,10,2027-05-04,2027-08-27,Upcoming
PROMO00420,HVFKWN07,Family Package,5,2026-05-27,2027-08-16,Expired
PROMO00421,HVBDZV92,Festive Offer,5,2027-06-11,2028-01-16,Expired
PROMO00422,HVECVJ59,Weekend Offer,20,2025-10-12,2027-08-12,Upcoming
PROMO00423,HVMLDP56,New Year Sale,10,2026-09-30,2027-08-02,Active
PROMO00424,HVHDKM76,Weekend Offer,25,2025-05-16,2028-03-13,Expired
PROMO00425,HVWGNC36,Family Package,5,2025-02-23,2027-07-31,Expired
PROMO00426,HVGPTO01,Summer Sale,25,2025-08-11,2027-08-03,Expired
PROMO00427,HVJYRS63,Summer Sale,30,2027-04-15,2028-02-19,Active
PROMO00428,HVPGGK50,Family Package,40,2026-03-23,2027-07-30,Expired
PROMO00429,HVCIOP31,Weekend Offer,15,2024-11-18,2028-05-12,Expired
PROMO00430,HVYNWD11,Weekend Offer,5,2026-12-14,2028-07-05,Upcoming
PROMO00431,HVCZRX91,Summer Sale,10,2026-12-24,2027-12-11,Active
PROMO00432,HVHVQZ21,Weekend Offer,15,2027-01-04,2028-01-27,Expired
PROMO00433,HVUIXI17,Corporate Deal,25,2025-07-15,2027-09-06,Active
PROMO00434,HVZRSQ38,New Year Sale,25,2026-09-17,2027-08-18,Upcoming
PROMO00435,HVISNJ03,Weekend Offer,25,2026-01-24,2027-09-09,Active
PROMO00436,HVEZSX80,Summer Sale,10,2026-12-29,2027-10-26,Upcoming
PROMO00437,HVIOME33,Corporate Deal,30,2024-08-10,2028-04-11,Active
PROMO00438,HVHMKS17,Weekend Offer,30,2024-12-18,2028-05-01,Expired
PROMO00439,HVEJOP73,New Year Sale,10,2025-03-07,2027-08-30,Upcoming
PROMO00440,HVVQUU34,Summer Sale,10,2026-12-22,2027-10-14,Expired
PROMO00441,HVISKF31,New Year Sale,25,2027-03-30,2028-02-21,Expired
PROMO00442,HVCEIQ23,Family Package,15,2026-02-12,2027-11-04,Expired
PROMO00443,HVIMTR41,New Year Sale,10,2026-01-02,2028-05-29,Active
PROMO00444,HVPALM81,Corporate Deal,15,2025-11-02,2028-05-05,Expired
PROMO00445,HVQWDE14,Family Package,40,2026-11-20,2028-05-01,Active
PROMO00446,HVNMUA74,Weekend Offer,15,2025-11-17,2028-05-11,Upcoming
PROMO00447,HVGXMX75,Family Package,20,2026-05-02,2028-02-01,Upcoming
PROMO00448,HVKHGL12,Family Package,25,2027-02-13,2028-01-27,Upcoming
PROMO00449,HVBYWV38,Festive Offer,30,2025-11-03,2028-05-24,Expired
PROMO00450,HVQVUE59,Weekend Offer,20,2025-03-03,2028-05-03,Upcoming
PROMO00451,HVRECN91,Summer Sale,40,2027-02-11,2027-08-11,Active
PROMO00452,HVLARN06,Family Package,40,2024-12-26,2027-11-16,Upcoming
PROMO00453,HVKROO44,Weekend Offer,20,2025-01-31,2028-05-05,Active
PROMO00454,HVOUBJ44,Corporate Deal,25,2025-01-05,2028-04-02,Upcoming
PROMO00455,HVHSFI78,Summer Sale,25,2026-03-24,2027-12-19,Expired
PROMO00456,HVSZZE21,Weekend Offer,25,2026-01-10,2027-08-20,Upcoming
PROMO00457,HVFWEP02,Weekend Offer,10,2027-02-24,2028-03-20,Expired
PROMO00458,HVOQVV88,Festive Offer,40,2026-12-31,2028-07-03,Upcoming
PROMO00459,HVUVLB14,Festive Offer,30,2025-03-26,2028-01-29,Expired
PROMO00460,HVCGXE27,Summer Sale,25,2025-04-15,2028-02-29,Upcoming
PROMO00461,HVBYSJ58,New Year Sale,5,2026-03-11,2027-08-13,Active
PROMO00462,HVNRUR14,Family Package,25,2027-01-12,2028-04-27,Active
PROMO00463,HVCRXV23,Festive Offer,40,2026-07-11,2027-12-20,Expired
PROMO00464,HVCJMN09,New Year Sale,25,2027-03-12,2027-08-18,Upcoming
PROMO00465,HVJMHA91,Family Package,20,2026-11-17,2028-06-19,Active
PROMO00466,HVTTZT20,Family Package,40,2025-11-06,2027-09-28,Upcoming
PROMO00467,HVQLWE67,Summer Sale,40,2025-02-24,2027-08-09,Upcoming
PROMO00468,HVMUQB85,Family Package,15,2024-09-04,2027-10-06,Upcoming
PROMO00469,HVRAAA79,Summer Sale,30,2025-08-30,2028-04-06,Expired
PROMO00470,HVRBEN91,Weekend Offer,5,2027-01-26,2027-11-17,Expired
PROMO00471,HVPBUP50,Festive Offer,30,2026-09-05,2027-09-04,Expired
PROMO00472,HVPKAL17,Family Package,5,2025-02-15,2027-11-12,Active
PROMO00473,HVPBTW86,Weekend Offer,10,2024-12-09,2027-12-13,Active
PROMO00474,HVOVMD61,Family Package,25,2025-04-21,2027-11-18,Expired
PROMO00475,HVUKLO59,Corporate Deal,20,2024-10-10,2028-02-15,Active
PROMO00476,HVRTYI15,Summer Sale,25,2027-01-30,2027-11-24,Upcoming
PROMO00477,HVNVQK58,Corporate Deal,40,2025-01-12,2028-06-28,Active
PROMO00478,HVASKQ34,Summer Sale,15,2026-11-14,2027-10-26,Expired
PROMO00479,HVMUPX54,New Year Sale,40,2025-03-16,2028-05-16,Upcoming
PROMO00480,HVNNTC98,Family Package,20,2027-05-24,2027-11-11,Upcoming
PROMO00481,HVUXUA93,Family Package,40,2025-01-11,2027-08-12,Expired
PROMO00482,HVAOSD50,Weekend Offer,25,2027-02-21,2028-04-04,Active
PROMO00483,HVXZSD35,Weekend Offer,20,2024-08-21,2027-12-23,Expired
PROMO00484,HVXIAU25,Weekend Offer,20,2026-01-25,2027-12-28,Expired
PROMO00485,HVIIPV39,Family Package,40,2026-07-11,2027-11-23,Active
PROMO00486,HVCSAE98,Summer Sale,15,2026-05-16,2028-06-10,Active
PROMO00487,HVYJMF30,Festive Offer,30,2027-01-23,2028-07-17,Expired
PROMO00488,HVJZGC16,Summer Sale,5,2027-02-24,2028-06-18,Active
PROMO00489,HVWNQF88,Festive Offer,40,2027-03-22,2028-05-19,Expired
PROMO00490,HVOOED69,Corporate Deal,30,2024-10-19,2028-03-16,Expired
PROMO00491,HVCXYY18,Festive Offer,10,2026-09-19,2028-06-18,Active
PROMO00492,HVFLTK68,Corporate Deal,10,2027-03-30,2027-09-22,Upcoming
PROMO00493,HVTWFL44,Festive Offer,40,2025-01-26,2027-11-27,Upcoming
PROMO00494,HVSQHL33,Corporate Deal,30,2026-10-01,2028-05-02,Upcoming
PROMO00495,HVWSQM42,Corporate Deal,10,2024-08-02,2028-04-08,Upcoming
PROMO00496,HVDHSJ28,Family Package,40,2026-03-27,2028-06-16,Expired
PROMO00497,HVUHZA77,Festive Offer,10,2025-12-25,2028-03-28,Active
PROMO00498,HVDIQM89,Corporate Deal,25,2026-08-29,2028-06-23,Upcoming
PROMO00499,HVXYWV90,Summer Sale,5,2027-07-17,2028-02-09,Active
PROMO00500,HVLFVZ94,Family Package,40,2026-12-01,2028-07-15,Active
